<?xml version="1.0" encoding="UTF-8"?>
<!--Sample XML file generated by XMLSpy v2009 sp1 (http://www.altova.com)-->
<DeclarationMetaData xmlns:xsi="http://www.w3.org/2001/XMLSchema-instance" xmlns="urn:wco:datamodel:PE:DocumentMetaData:1" xmlns:ds="urn:wco:datamodel:PE:MetaData_DS:1" xsi:schemaLocation="urn:wco:datamodel:PE:DocumentMetaData:1 DeclarationMetaData_PE_1p0.xsd">
  <WCODataModelVersionCode>3.7</WCODataModelVersionCode>
  <WCOTypeName>DEC</WCOTypeName>
  <ResponsibleCountryCode>PE</ResponsibleCountryCode>
  <ResponsibleAgencyName>SUNAT</ResponsibleAgencyName>
  <FunctionalDefinition>0101</FunctionalDefinition>
  <Declaration xmlns="urn:wco:datamodel:PE:Declaration:1" xmlns:ds="urn:wco:datamodel:PE:Declaration_DS:1" xmlns:eds="urn:wco:datamodel:PE:Declaration_EDS:1">
    <FunctionCode>0101</FunctionCode>
    <FunctionalReferenceID>2013180301</FunctionalReferenceID>
    <IssueDateTime>
      <ds:DateTimeString formatCode="204">20200325185748</ds:DateTimeString>
    </IssueDateTime>
    <VersionID>1.0</VersionID>
    <Submitter>
      <ID schemeID="4">20100010136</ID>
      <RoleCode>12</RoleCode>
      <Contact>
        <Name>1234</Name>
        <FunctionCode>1234</FunctionCode>
      </Contact>
    </Submitter>
    <DeclarationOffice>
      <ID>046</ID>
    </DeclarationOffice>
    <AdditionalDocument>
      <CategoryCode>01</CategoryCode>
      <IssueDateTime>
        <ds:DateTimeString formatCode="602"/>
      </IssueDateTime>
      <issueLocationID>046</issueLocationID>
      <TypeCode>785</TypeCode>
    </AdditionalDocument>
    <AdditionalDocument>
      <ID>PAI-2013-180136</ID>
      <TypeCode>187</TypeCode>
    </AdditionalDocument>
    <BorderTransportMeans>
      <Name>COPIADO</Name>
      <ID>99477828</ID>
      <IdentificationTypeCode>54</IdentificationTypeCode>
      <TypeCode>1501</TypeCode>
      <RegistrationNationalityCode>MX</RegistrationNationalityCode>
      <ModeCode>1</ModeCode>
      <ArrivalDateTime>
        <ds:DateTimeString formatCode="204">20200319000000</ds:DateTimeString>
      </ArrivalDateTime>
      <TransportEquipmentQuantity>0</TransportEquipmentQuantity>
      <GrossWeightMeasure unitCode="KGM">504.600</GrossWeightMeasure>
      <JourneyID>F2020-01489-VP</JourneyID>
      <ArrivalConveyanceFacility>
        <ID>20543083888</ID>
        <Warehouse>
          <TypeCode>11</TypeCode>
        </Warehouse>
      </ArrivalConveyanceFacility>
      <ArrivalLocation>
        <ID>PECLL</ID>
        <Warehouse>
          <TypeCode>60</TypeCode>
        </Warehouse>
      </ArrivalLocation>
      <Itinerary>
        <ID>MAN</ID>
        <SequenceNumeric>1</SequenceNumeric>
        <DepartureDateTime>
          <ds:DateTimeString formatCode="204">20200310000000</ds:DateTimeString>
        </DepartureDateTime>
        <FunctionCode>153</FunctionCode>
      </Itinerary>
      <!--Itinerary>
	    		<ID>PEZZD</ID>
	    		<SequenceNumeric>2</SequenceNumeric>
	    		<DepartureDateTime>
	    			<ds:DateTimeString formatCode="204">20180428000000</ds:DateTimeString>
	    		</DepartureDateTime>
	    		<FunctionCode>153</FunctionCode>				
	    	</Itinerary-->
      <Master>
        <Name>VIKTOR PROKHOROV</Name>
      </Master>
    </BorderTransportMeans>
    <Carrier>
      <Name>CARRIER DUMMY</Name>
      <ID schemeID="4">20100010136</ID>
      <RoleCode>12</RoleCode>
    </Carrier>
    <Consignment>
      <GrossVolumeMeasure unitCode="MTQ">1.640</GrossVolumeMeasure>
      <SequenceNumeric>1</SequenceNumeric>
      <TotalPackageQuantity>2</TotalPackageQuantity>
      <TotalGrossMassMeasure unitCode="KGM">504.600</TotalGrossMassMeasure>
      <AdditionalDocument>
        <IssueDateTime>
          <ds:DateTimeString formatCode="204">20200325185748</ds:DateTimeString>
        </IssueDateTime>
        <TypeCode>705</TypeCode>
      </AdditionalDocument>
      <AdditionalInformation>
        <Content>0</Content>
        <StatementTypeCode>AGX</StatementTypeCode>
      </AdditionalInformation>
      <AdditionalInformation>
        <Content>1</Content>
        <StatementTypeCode>BLC</StatementTypeCode>
      </AdditionalInformation>
      <ConsignmentItem>
	    		<SequenceNumeric>1</SequenceNumeric>
	    		<GoodsStatusCode>4</GoodsStatusCode>
	    		<Commodity>
	    			<Description>STC &#13;
MEZCLA DE SUSTANCIAS ODORIFICAS</Description>
	    			<ValueAmount currencyID="USD">1514.800</ValueAmount>
	    			<CategoryQualifierCode>12</CategoryQualifierCode>
	    			<Classification>
	    				<ID>3104000000</ID>
	    			</Classification>


	    		</Commodity>
	    		<Freight>
	    			<PaymentMethodCode>FOB</PaymentMethodCode>
	    		</Freight>
	    		<GoodsMeasure>
	    			<GrossMassMeasure unitCode="KGM">504.600</GrossMassMeasure>
	    			<NetVolumeMeasure unitCode="MTQ">1.640</NetVolumeMeasure>
	    		</GoodsMeasure>
	    		<Packaging>
	    			<MarksNumbersID>SM/SN</MarksNumbersID>
	    			<QuantityQuantity unitCode="Z8">2</QuantityQuantity>
	    			<TypeCode>VR</TypeCode>
	    		</Packaging>	
	    		<TransportEquipment>
	    			<ID>C000001</ID>
	    		</TransportEquipment>
	    	</ConsignmentItem>
      <Consignor>
        <Name>BRAEDT SA</Name>
        <ID schemeID="4">20100067910</ID>
        <RoleCode>SF</RoleCode>
        <Address>
          <CityName>LIMA</CityName>
          <CountryCode>PE</CountryCode>
          <Line>AV MICHAEL FARADAY NRO 111</Line>
        </Address>
        <!--Communication>
	    			<ID>511-234-1234</ID>
	    			<TypeCode>TE</TypeCode>
	    		</Communication>
	    		<Communication>
	    			<ID>511-234-1235</ID>
	    			<TypeCode>FX</TypeCode>
	    		</Communication>
	    		<Communication>
	    			<ID>importperu@peru.com</ID>
	    			<TypeCode>EM</TypeCode>
	    		</Communication-->
      </Consignor>
      <Freight>
        <PaymentMethodCode>PP</PaymentMethodCode>
        <RateTypeCode>100000</RateTypeCode>
        <RateAmount currencyID="USD">24.6</RateAmount>
      </Freight>
      <GoodsLocation>
        <ID>LV</ID>
        <TypeCode>27</TypeCode>
      </GoodsLocation>
      <GoodsLocation>
        <ID>PECLL</ID>
        <TypeCode>8</TypeCode>
      </GoodsLocation>
      <GovernmentProcedure>
        <CurrentCode>23</CurrentCode>
      </GovernmentProcedure>
      <LoadingLocation>
        <ID>MAN</ID>
        <ArrivalDateTime>
          <ds:DateTimeString formatCode="204">20200310000000</ds:DateTimeString>
        </ArrivalDateTime>
      </LoadingLocation>
      <TransportContractDocument>
        <ID>F2020-01489-VP</ID>
        <IssueLocationName>PECLL</IssueLocationName>
        <IssuingPartyID>12</IssuingPartyID>
        <TypeCode>704</TypeCode>
        <ConditionCode>1</ConditionCode>
        <Submitter>
          <ID schemeID="4">20100010136</ID>
        </Submitter>
      </TransportContractDocument>
      <UnloadingLocation>
        <ID>PECLL</ID>
      </UnloadingLocation>
    </Consignment>
    <Packaging>
      <QuantityQuantity>2</QuantityQuantity>
    </Packaging>
  </Declaration>
</DeclarationMetaData>
